Axis/Allies,Aircraft,Vehicle,Battleship,Infrantry
Axis,0.03433923,0.022541719,0.028355556,0.041186933
Allies,0.029845805,0.045537014,0.024025806,0.02330806
